{
    "1":  [
        "分心的",
        "散漫的",
        "懈怠的",
        "懒惰的",
        "没有动力的",
        "没有计划的",
        "遗忘的",
        "消极的",
        "不自律的",
        "不专注的"
      ]
,
    "2":  [
        "一般的",
        "一般般的",
        "得过且过的",
        "一般水平的",
        "有些不集中注意力的",
        "有时候懒散的",
        "有时候缺乏动力的",
        "有时候不自律的",
        "有时候不专注的"
      ]
,
    "3": [
        "进步的",
        "有所改善的",
        "逐渐专注的",
        "有时候有动力的",
        "逐渐自律的",
        "开始计划的",
        "相对积极的",
        "逐渐集中注意力的",
        "开始有目标的",
        "有时候主动的"
      ]
,
    "4": [
        "良好的",
        "注重学习的",
        "集中注意力的",
        "积极主动的",
        "有计划的",
        "自律的",
        "有目标的",
        "有动力的",
        "好奇心旺盛的",
        "坚持不懈的"
      ]
,
    "5": 
       
        ["优秀的",
        "杰出的",
        "出色的",
        "高效的",
        "极具专注力的",
        "强烈驱动力的",
        "极度自律的",
        "目标明确的",
        "主动学习的",
        "自主学习能力强的"]
      
    
  }